img_paths,img_labels
../data/train\Bedroom\image_0001.jpg,1
../data/train\Bedroom\image_0002.jpg,1
../data/train\Bedroom\image_0005.jpg,1
../data/train\Bedroom\image_0009.jpg,1
../data/train\Bedroom\image_0010.jpg,1
../data/train\Bedroom\image_0012.jpg,1
../data/train\Bedroom\image_0015.jpg,1
../data/train\Bedroom\image_0022.jpg,1
../data/train\Bedroom\image_0023.jpg,1
../data/train\Bedroom\image_0025.jpg,1
../data/train\Bedroom\image_0027.jpg,1
../data/train\Bedroom\image_0028.jpg,1
../data/train\Bedroom\image_0031.jpg,1
../data/train\Bedroom\image_0032.jpg,1
../data/train\Bedroom\image_0036.jpg,1
../data/train\Bedroom\image_0038.jpg,1
../data/train\Bedroom\image_0041.jpg,1
../data/train\Bedroom\image_0044.jpg,1
../data/train\Bedroom\image_0045.jpg,1
../data/train\Bedroom\image_0046.jpg,1
../data/train\Bedroom\image_0048.jpg,1
../data/train\Bedroom\image_0051.jpg,1
../data/train\Bedroom\image_0055.jpg,1
../data/train\Bedroom\image_0057.jpg,1
../data/train\Bedroom\image_0058.jpg,1
../data/train\Bedroom\image_0061.jpg,1
../data/train\Bedroom\image_0065.jpg,1
../data/train\Bedroom\image_0070.jpg,1
../data/train\Bedroom\image_0072.jpg,1
../data/train\Bedroom\image_0075.jpg,1
../data/train\Bedroom\image_0076.jpg,1
../data/train\Bedroom\image_0078.jpg,1
../data/train\Bedroom\image_0079.jpg,1
../data/train\Bedroom\image_0083.jpg,1
../data/train\Bedroom\image_0085.jpg,1
../data/train\Bedroom\image_0089.jpg,1
../data/train\Bedroom\image_0091.jpg,1
../data/train\Bedroom\image_0094.jpg,1
../data/train\Bedroom\image_0099.jpg,1
../data/train\Bedroom\image_0100.jpg,1
../data/train\Bedroom\image_0101.jpg,1
../data/train\Bedroom\image_0102.jpg,1
../data/train\Bedroom\image_0105.jpg,1
../data/train\Bedroom\image_0106.jpg,1
../data/train\Bedroom\image_0107.jpg,1
../data/train\Bedroom\image_0108.jpg,1
../data/train\Bedroom\image_0109.jpg,1
../data/train\Bedroom\image_0110.jpg,1
../data/train\Bedroom\image_0111.jpg,1
../data/train\Bedroom\image_0116.jpg,1
../data/train\Bedroom\image_0123.jpg,1
../data/train\Bedroom\image_0125.jpg,1
../data/train\Bedroom\image_0126.jpg,1
../data/train\Bedroom\image_0127.jpg,1
../data/train\Bedroom\image_0129.jpg,1
../data/train\Bedroom\image_0132.jpg,1
../data/train\Bedroom\image_0133.jpg,1
../data/train\Bedroom\image_0136.jpg,1
../data/train\Bedroom\image_0137.jpg,1
../data/train\Bedroom\image_0139.jpg,1
../data/train\Bedroom\image_0143.jpg,1
../data/train\Bedroom\image_0145.jpg,1
../data/train\Bedroom\image_0146.jpg,1
../data/train\Bedroom\image_0147.jpg,1
../data/train\Bedroom\image_0149.jpg,1
../data/train\Bedroom\image_0151.jpg,1
../data/train\Bedroom\image_0154.jpg,1
../data/train\Bedroom\image_0155.jpg,1
../data/train\Bedroom\image_0159.jpg,1
../data/train\Bedroom\image_0164.jpg,1
../data/train\Bedroom\image_0165.jpg,1
../data/train\Bedroom\image_0167.jpg,1
../data/train\Bedroom\image_0169.jpg,1
../data/train\Bedroom\image_0171.jpg,1
../data/train\Bedroom\image_0172.jpg,1
../data/train\Bedroom\image_0173.jpg,1
../data/train\Bedroom\image_0174.jpg,1
../data/train\Bedroom\image_0177.jpg,1
../data/train\Bedroom\image_0178.jpg,1
../data/train\Bedroom\image_0179.jpg,1
../data/train\Bedroom\image_0181.jpg,1
../data/train\Bedroom\image_0183.jpg,1
../data/train\Bedroom\image_0184.jpg,1
../data/train\Bedroom\image_0185.jpg,1
../data/train\Bedroom\image_0186.jpg,1
../data/train\Bedroom\image_0187.jpg,1
../data/train\Bedroom\image_0188.jpg,1
../data/train\Bedroom\image_0193.jpg,1
../data/train\Bedroom\image_0194.jpg,1
../data/train\Bedroom\image_0197.jpg,1
../data/train\Bedroom\image_0198.jpg,1
../data/train\Bedroom\image_0199.jpg,1
../data/train\Bedroom\image_0201.jpg,1
../data/train\Bedroom\image_0204.jpg,1
../data/train\Bedroom\image_0210.jpg,1
../data/train\Bedroom\image_0211.jpg,1
../data/train\Bedroom\image_0212.jpg,1
../data/train\Bedroom\image_0213.jpg,1
../data/train\Bedroom\image_0214.jpg,1
../data/train\Bedroom\image_0216.jpg,1
../data/train\Coast\image_0006.jpg,2
../data/train\Coast\image_0010.jpg,2
../data/train\Coast\image_0015.jpg,2
../data/train\Coast\image_0022.jpg,2
../data/train\Coast\image_0028.jpg,2
../data/train\Coast\image_0032.jpg,2
../data/train\Coast\image_0034.jpg,2
../data/train\Coast\image_0038.jpg,2
../data/train\Coast\image_0043.jpg,2
../data/train\Coast\image_0048.jpg,2
../data/train\Coast\image_0052.jpg,2
../data/train\Coast\image_0053.jpg,2
../data/train\Coast\image_0065.jpg,2
../data/train\Coast\image_0066.jpg,2
../data/train\Coast\image_0069.jpg,2
../data/train\Coast\image_0080.jpg,2
../data/train\Coast\image_0082.jpg,2
../data/train\Coast\image_0091.jpg,2
../data/train\Coast\image_0098.jpg,2
../data/train\Coast\image_0100.jpg,2
../data/train\Coast\image_0102.jpg,2
../data/train\Coast\image_0108.jpg,2
../data/train\Coast\image_0109.jpg,2
../data/train\Coast\image_0111.jpg,2
../data/train\Coast\image_0116.jpg,2
../data/train\Coast\image_0117.jpg,2
../data/train\Coast\image_0120.jpg,2
../data/train\Coast\image_0123.jpg,2
../data/train\Coast\image_0125.jpg,2
../data/train\Coast\image_0127.jpg,2
../data/train\Coast\image_0132.jpg,2
../data/train\Coast\image_0143.jpg,2
../data/train\Coast\image_0146.jpg,2
../data/train\Coast\image_0147.jpg,2
../data/train\Coast\image_0148.jpg,2
../data/train\Coast\image_0156.jpg,2
../data/train\Coast\image_0159.jpg,2
../data/train\Coast\image_0178.jpg,2
../data/train\Coast\image_0183.jpg,2
../data/train\Coast\image_0185.jpg,2
../data/train\Coast\image_0187.jpg,2
../data/train\Coast\image_0189.jpg,2
../data/train\Coast\image_0190.jpg,2
../data/train\Coast\image_0193.jpg,2
../data/train\Coast\image_0198.jpg,2
../data/train\Coast\image_0199.jpg,2
../data/train\Coast\image_0200.jpg,2
../data/train\Coast\image_0203.jpg,2
../data/train\Coast\image_0208.jpg,2
../data/train\Coast\image_0209.jpg,2
../data/train\Coast\image_0212.jpg,2
../data/train\Coast\image_0221.jpg,2
../data/train\Coast\image_0224.jpg,2
../data/train\Coast\image_0228.jpg,2
../data/train\Coast\image_0231.jpg,2
../data/train\Coast\image_0235.jpg,2
../data/train\Coast\image_0236.jpg,2
../data/train\Coast\image_0238.jpg,2
../data/train\Coast\image_0239.jpg,2
../data/train\Coast\image_0241.jpg,2
../data/train\Coast\image_0242.jpg,2
../data/train\Coast\image_0248.jpg,2
../data/train\Coast\image_0249.jpg,2
../data/train\Coast\image_0250.jpg,2
../data/train\Coast\image_0251.jpg,2
../data/train\Coast\image_0258.jpg,2
../data/train\Coast\image_0261.jpg,2
../data/train\Coast\image_0262.jpg,2
../data/train\Coast\image_0267.jpg,2
../data/train\Coast\image_0269.jpg,2
../data/train\Coast\image_0271.jpg,2
../data/train\Coast\image_0273.jpg,2
../data/train\Coast\image_0274.jpg,2
../data/train\Coast\image_0275.jpg,2
../data/train\Coast\image_0276.jpg,2
../data/train\Coast\image_0281.jpg,2
../data/train\Coast\image_0283.jpg,2
../data/train\Coast\image_0284.jpg,2
../data/train\Coast\image_0286.jpg,2
../data/train\Coast\image_0287.jpg,2
../data/train\Coast\image_0290.jpg,2
../data/train\Coast\image_0294.jpg,2
../data/train\Coast\image_0298.jpg,2
../data/train\Coast\image_0307.jpg,2
../data/train\Coast\image_0310.jpg,2
../data/train\Coast\image_0311.jpg,2
../data/train\Coast\image_0317.jpg,2
../data/train\Coast\image_0320.jpg,2
../data/train\Coast\image_0326.jpg,2
../data/train\Coast\image_0333.jpg,2
../data/train\Coast\image_0334.jpg,2
../data/train\Coast\image_0336.jpg,2
../data/train\Coast\image_0340.jpg,2
../data/train\Coast\image_0342.jpg,2
../data/train\Coast\image_0343.jpg,2
../data/train\Coast\image_0345.jpg,2
../data/train\Coast\image_0353.jpg,2
../data/train\Coast\image_0354.jpg,2
../data/train\Coast\image_0355.jpg,2
../data/train\Coast\image_0358.jpg,2
../data/train\Forest\image_0003.jpg,3
../data/train\Forest\image_0004.jpg,3
../data/train\Forest\image_0006.jpg,3
../data/train\Forest\image_0015.jpg,3
../data/train\Forest\image_0016.jpg,3
../data/train\Forest\image_0020.jpg,3
../data/train\Forest\image_0028.jpg,3
../data/train\Forest\image_0031.jpg,3
../data/train\Forest\image_0034.jpg,3
../data/train\Forest\image_0039.jpg,3
../data/train\Forest\image_0042.jpg,3
../data/train\Forest\image_0045.jpg,3
../data/train\Forest\image_0049.jpg,3
../data/train\Forest\image_0050.jpg,3
../data/train\Forest\image_0052.jpg,3
../data/train\Forest\image_0054.jpg,3
../data/train\Forest\image_0055.jpg,3
../data/train\Forest\image_0061.jpg,3
../data/train\Forest\image_0063.jpg,3
../data/train\Forest\image_0067.jpg,3
../data/train\Forest\image_0071.jpg,3
../data/train\Forest\image_0072.jpg,3
../data/train\Forest\image_0074.jpg,3
../data/train\Forest\image_0075.jpg,3
../data/train\Forest\image_0084.jpg,3
../data/train\Forest\image_0087.jpg,3
../data/train\Forest\image_0090.jpg,3
../data/train\Forest\image_0092.jpg,3
../data/train\Forest\image_0097.jpg,3
../data/train\Forest\image_0100.jpg,3
../data/train\Forest\image_0103.jpg,3
../data/train\Forest\image_0104.jpg,3
../data/train\Forest\image_0108.jpg,3
../data/train\Forest\image_0112.jpg,3
../data/train\Forest\image_0113.jpg,3
../data/train\Forest\image_0116.jpg,3
../data/train\Forest\image_0121.jpg,3
../data/train\Forest\image_0123.jpg,3
../data/train\Forest\image_0125.jpg,3
../data/train\Forest\image_0129.jpg,3
../data/train\Forest\image_0132.jpg,3
../data/train\Forest\image_0140.jpg,3
../data/train\Forest\image_0143.jpg,3
../data/train\Forest\image_0144.jpg,3
../data/train\Forest\image_0151.jpg,3
../data/train\Forest\image_0152.jpg,3
../data/train\Forest\image_0156.jpg,3
../data/train\Forest\image_0162.jpg,3
../data/train\Forest\image_0164.jpg,3
../data/train\Forest\image_0172.jpg,3
../data/train\Forest\image_0174.jpg,3
../data/train\Forest\image_0175.jpg,3
../data/train\Forest\image_0177.jpg,3
../data/train\Forest\image_0181.jpg,3
../data/train\Forest\image_0182.jpg,3
../data/train\Forest\image_0184.jpg,3
../data/train\Forest\image_0187.jpg,3
../data/train\Forest\image_0189.jpg,3
../data/train\Forest\image_0190.jpg,3
../data/train\Forest\image_0192.jpg,3
../data/train\Forest\image_0193.jpg,3
../data/train\Forest\image_0202.jpg,3
../data/train\Forest\image_0205.jpg,3
../data/train\Forest\image_0214.jpg,3
../data/train\Forest\image_0217.jpg,3
../data/train\Forest\image_0218.jpg,3
../data/train\Forest\image_0227.jpg,3
../data/train\Forest\image_0228.jpg,3
../data/train\Forest\image_0229.jpg,3
../data/train\Forest\image_0233.jpg,3
../data/train\Forest\image_0237.jpg,3
../data/train\Forest\image_0239.jpg,3
../data/train\Forest\image_0240.jpg,3
../data/train\Forest\image_0245.jpg,3
../data/train\Forest\image_0250.jpg,3
../data/train\Forest\image_0254.jpg,3
../data/train\Forest\image_0265.jpg,3
../data/train\Forest\image_0266.jpg,3
../data/train\Forest\image_0267.jpg,3
../data/train\Forest\image_0270.jpg,3
../data/train\Forest\image_0272.jpg,3
../data/train\Forest\image_0277.jpg,3
../data/train\Forest\image_0278.jpg,3
../data/train\Forest\image_0279.jpg,3
../data/train\Forest\image_0282.jpg,3
../data/train\Forest\image_0283.jpg,3
../data/train\Forest\image_0284.jpg,3
../data/train\Forest\image_0287.jpg,3
../data/train\Forest\image_0288.jpg,3
../data/train\Forest\image_0290.jpg,3
../data/train\Forest\image_0298.jpg,3
../data/train\Forest\image_0300.jpg,3
../data/train\Forest\image_0308.jpg,3
../data/train\Forest\image_0309.jpg,3
../data/train\Forest\image_0313.jpg,3
../data/train\Forest\image_0318.jpg,3
../data/train\Forest\image_0321.jpg,3
../data/train\Forest\image_0323.jpg,3
../data/train\Forest\image_0324.jpg,3
../data/train\Forest\image_0327.jpg,3
../data/train\Highway\image_0009.jpg,4
../data/train\Highway\image_0010.jpg,4
../data/train\Highway\image_0012.jpg,4
../data/train\Highway\image_0016.jpg,4
../data/train\Highway\image_0018.jpg,4
../data/train\Highway\image_0019.jpg,4
../data/train\Highway\image_0021.jpg,4
../data/train\Highway\image_0023.jpg,4
../data/train\Highway\image_0028.jpg,4
../data/train\Highway\image_0033.jpg,4
../data/train\Highway\image_0037.jpg,4
../data/train\Highway\image_0038.jpg,4
../data/train\Highway\image_0043.jpg,4
../data/train\Highway\image_0047.jpg,4
../data/train\Highway\image_0049.jpg,4
../data/train\Highway\image_0050.jpg,4
../data/train\Highway\image_0054.jpg,4
../data/train\Highway\image_0055.jpg,4
../data/train\Highway\image_0058.jpg,4
../data/train\Highway\image_0059.jpg,4
../data/train\Highway\image_0064.jpg,4
../data/train\Highway\image_0065.jpg,4
../data/train\Highway\image_0066.jpg,4
../data/train\Highway\image_0069.jpg,4
../data/train\Highway\image_0072.jpg,4
../data/train\Highway\image_0073.jpg,4
../data/train\Highway\image_0076.jpg,4
../data/train\Highway\image_0077.jpg,4
../data/train\Highway\image_0081.jpg,4
../data/train\Highway\image_0083.jpg,4
../data/train\Highway\image_0094.jpg,4
../data/train\Highway\image_0097.jpg,4
../data/train\Highway\image_0098.jpg,4
../data/train\Highway\image_0102.jpg,4
../data/train\Highway\image_0103.jpg,4
../data/train\Highway\image_0106.jpg,4
../data/train\Highway\image_0107.jpg,4
../data/train\Highway\image_0111.jpg,4
../data/train\Highway\image_0112.jpg,4
../data/train\Highway\image_0113.jpg,4
../data/train\Highway\image_0114.jpg,4
../data/train\Highway\image_0115.jpg,4
../data/train\Highway\image_0117.jpg,4
../data/train\Highway\image_0118.jpg,4
../data/train\Highway\image_0120.jpg,4
../data/train\Highway\image_0122.jpg,4
../data/train\Highway\image_0126.jpg,4
../data/train\Highway\image_0127.jpg,4
../data/train\Highway\image_0128.jpg,4
../data/train\Highway\image_0129.jpg,4
../data/train\Highway\image_0130.jpg,4
../data/train\Highway\image_0132.jpg,4
../data/train\Highway\image_0134.jpg,4
../data/train\Highway\image_0138.jpg,4
../data/train\Highway\image_0143.jpg,4
../data/train\Highway\image_0145.jpg,4
../data/train\Highway\image_0148.jpg,4
../data/train\Highway\image_0151.jpg,4
../data/train\Highway\image_0152.jpg,4
../data/train\Highway\image_0154.jpg,4
../data/train\Highway\image_0159.jpg,4
../data/train\Highway\image_0160.jpg,4
../data/train\Highway\image_0163.jpg,4
../data/train\Highway\image_0165.jpg,4
../data/train\Highway\image_0166.jpg,4
../data/train\Highway\image_0167.jpg,4
../data/train\Highway\image_0169.jpg,4
../data/train\Highway\image_0170.jpg,4
../data/train\Highway\image_0175.jpg,4
../data/train\Highway\image_0179.jpg,4
../data/train\Highway\image_0181.jpg,4
../data/train\Highway\image_0182.jpg,4
../data/train\Highway\image_0183.jpg,4
../data/train\Highway\image_0186.jpg,4
../data/train\Highway\image_0187.jpg,4
../data/train\Highway\image_0188.jpg,4
../data/train\Highway\image_0189.jpg,4
../data/train\Highway\image_0193.jpg,4
../data/train\Highway\image_0198.jpg,4
../data/train\Highway\image_0199.jpg,4
../data/train\Highway\image_0202.jpg,4
../data/train\Highway\image_0204.jpg,4
../data/train\Highway\image_0207.jpg,4
../data/train\Highway\image_0209.jpg,4
../data/train\Highway\image_0217.jpg,4
../data/train\Highway\image_0219.jpg,4
../data/train\Highway\image_0222.jpg,4
../data/train\Highway\image_0223.jpg,4
../data/train\Highway\image_0224.jpg,4
../data/train\Highway\image_0227.jpg,4
../data/train\Highway\image_0228.jpg,4
../data/train\Highway\image_0237.jpg,4
../data/train\Highway\image_0238.jpg,4
../data/train\Highway\image_0239.jpg,4
../data/train\Highway\image_0242.jpg,4
../data/train\Highway\image_0243.jpg,4
../data/train\Highway\image_0248.jpg,4
../data/train\Highway\image_0254.jpg,4
../data/train\Highway\image_0256.jpg,4
../data/train\Highway\image_0258.jpg,4
../data/train\Industrial\image_0002.jpg,5
../data/train\Industrial\image_0004.jpg,5
../data/train\Industrial\image_0009.jpg,5
../data/train\Industrial\image_0010.jpg,5
../data/train\Industrial\image_0011.jpg,5
../data/train\Industrial\image_0012.jpg,5
../data/train\Industrial\image_0014.jpg,5
../data/train\Industrial\image_0018.jpg,5
../data/train\Industrial\image_0019.jpg,5
../data/train\Industrial\image_0022.jpg,5
../data/train\Industrial\image_0024.jpg,5
../data/train\Industrial\image_0031.jpg,5
../data/train\Industrial\image_0033.jpg,5
../data/train\Industrial\image_0034.jpg,5
../data/train\Industrial\image_0036.jpg,5
../data/train\Industrial\image_0041.jpg,5
../data/train\Industrial\image_0042.jpg,5
../data/train\Industrial\image_0043.jpg,5
../data/train\Industrial\image_0044.jpg,5
../data/train\Industrial\image_0048.jpg,5
../data/train\Industrial\image_0050.jpg,5
../data/train\Industrial\image_0051.jpg,5
../data/train\Industrial\image_0057.jpg,5
../data/train\Industrial\image_0063.jpg,5
../data/train\Industrial\image_0064.jpg,5
../data/train\Industrial\image_0065.jpg,5
../data/train\Industrial\image_0070.jpg,5
../data/train\Industrial\image_0077.jpg,5
../data/train\Industrial\image_0078.jpg,5
../data/train\Industrial\image_0080.jpg,5
../data/train\Industrial\image_0082.jpg,5
../data/train\Industrial\image_0086.jpg,5
../data/train\Industrial\image_0088.jpg,5
../data/train\Industrial\image_0090.jpg,5
../data/train\Industrial\image_0093.jpg,5
../data/train\Industrial\image_0094.jpg,5
../data/train\Industrial\image_0095.jpg,5
../data/train\Industrial\image_0097.jpg,5
../data/train\Industrial\image_0099.jpg,5
../data/train\Industrial\image_0103.jpg,5
../data/train\Industrial\image_0109.jpg,5
../data/train\Industrial\image_0111.jpg,5
../data/train\Industrial\image_0112.jpg,5
../data/train\Industrial\image_0120.jpg,5
../data/train\Industrial\image_0128.jpg,5
../data/train\Industrial\image_0131.jpg,5
../data/train\Industrial\image_0134.jpg,5
../data/train\Industrial\image_0136.jpg,5
../data/train\Industrial\image_0143.jpg,5
../data/train\Industrial\image_0147.jpg,5
../data/train\Industrial\image_0150.jpg,5
../data/train\Industrial\image_0151.jpg,5
../data/train\Industrial\image_0159.jpg,5
../data/train\Industrial\image_0162.jpg,5
../data/train\Industrial\image_0171.jpg,5
../data/train\Industrial\image_0172.jpg,5
../data/train\Industrial\image_0173.jpg,5
../data/train\Industrial\image_0183.jpg,5
../data/train\Industrial\image_0184.jpg,5
../data/train\Industrial\image_0186.jpg,5
../data/train\Industrial\image_0191.jpg,5
../data/train\Industrial\image_0194.jpg,5
../data/train\Industrial\image_0195.jpg,5
../data/train\Industrial\image_0197.jpg,5
../data/train\Industrial\image_0198.jpg,5
../data/train\Industrial\image_0200.jpg,5
../data/train\Industrial\image_0210.jpg,5
../data/train\Industrial\image_0212.jpg,5
../data/train\Industrial\image_0213.jpg,5
../data/train\Industrial\image_0215.jpg,5
../data/train\Industrial\image_0217.jpg,5
../data/train\Industrial\image_0226.jpg,5
../data/train\Industrial\image_0227.jpg,5
../data/train\Industrial\image_0230.jpg,5
../data/train\Industrial\image_0235.jpg,5
../data/train\Industrial\image_0239.jpg,5
../data/train\Industrial\image_0249.jpg,5
../data/train\Industrial\image_0253.jpg,5
../data/train\Industrial\image_0257.jpg,5
../data/train\Industrial\image_0260.jpg,5
../data/train\Industrial\image_0261.jpg,5
../data/train\Industrial\image_0265.jpg,5
../data/train\Industrial\image_0266.jpg,5
../data/train\Industrial\image_0267.jpg,5
../data/train\Industrial\image_0268.jpg,5
../data/train\Industrial\image_0280.jpg,5
../data/train\Industrial\image_0281.jpg,5
../data/train\Industrial\image_0283.jpg,5
../data/train\Industrial\image_0284.jpg,5
../data/train\Industrial\image_0286.jpg,5
../data/train\Industrial\image_0287.jpg,5
../data/train\Industrial\image_0288.jpg,5
../data/train\Industrial\image_0289.jpg,5
../data/train\Industrial\image_0292.jpg,5
../data/train\Industrial\image_0296.jpg,5
../data/train\Industrial\image_0301.jpg,5
../data/train\Industrial\image_0302.jpg,5
../data/train\Industrial\image_0306.jpg,5
../data/train\Industrial\image_0308.jpg,5
../data/train\Industrial\image_0310.jpg,5
../data/train\InsideCity\image_0005.jpg,6
../data/train\InsideCity\image_0009.jpg,6
../data/train\InsideCity\image_0014.jpg,6
../data/train\InsideCity\image_0018.jpg,6
../data/train\InsideCity\image_0026.jpg,6
../data/train\InsideCity\image_0027.jpg,6
../data/train\InsideCity\image_0028.jpg,6
../data/train\InsideCity\image_0030.jpg,6
../data/train\InsideCity\image_0032.jpg,6
../data/train\InsideCity\image_0034.jpg,6
../data/train\InsideCity\image_0036.jpg,6
../data/train\InsideCity\image_0045.jpg,6
../data/train\InsideCity\image_0046.jpg,6
../data/train\InsideCity\image_0047.jpg,6
../data/train\InsideCity\image_0058.jpg,6
../data/train\InsideCity\image_0064.jpg,6
../data/train\InsideCity\image_0070.jpg,6
../data/train\InsideCity\image_0072.jpg,6
../data/train\InsideCity\image_0074.jpg,6
../data/train\InsideCity\image_0076.jpg,6
../data/train\InsideCity\image_0080.jpg,6
../data/train\InsideCity\image_0081.jpg,6
../data/train\InsideCity\image_0083.jpg,6
../data/train\InsideCity\image_0086.jpg,6
../data/train\InsideCity\image_0090.jpg,6
../data/train\InsideCity\image_0099.jpg,6
../data/train\InsideCity\image_0101.jpg,6
../data/train\InsideCity\image_0102.jpg,6
../data/train\InsideCity\image_0106.jpg,6
../data/train\InsideCity\image_0108.jpg,6
../data/train\InsideCity\image_0112.jpg,6
../data/train\InsideCity\image_0113.jpg,6
../data/train\InsideCity\image_0114.jpg,6
../data/train\InsideCity\image_0115.jpg,6
../data/train\InsideCity\image_0116.jpg,6
../data/train\InsideCity\image_0120.jpg,6
../data/train\InsideCity\image_0121.jpg,6
../data/train\InsideCity\image_0135.jpg,6
../data/train\InsideCity\image_0136.jpg,6
../data/train\InsideCity\image_0138.jpg,6
../data/train\InsideCity\image_0143.jpg,6
../data/train\InsideCity\image_0144.jpg,6
../data/train\InsideCity\image_0147.jpg,6
../data/train\InsideCity\image_0148.jpg,6
../data/train\InsideCity\image_0151.jpg,6
../data/train\InsideCity\image_0152.jpg,6
../data/train\InsideCity\image_0154.jpg,6
../data/train\InsideCity\image_0155.jpg,6
../data/train\InsideCity\image_0156.jpg,6
../data/train\InsideCity\image_0157.jpg,6
../data/train\InsideCity\image_0159.jpg,6
../data/train\InsideCity\image_0164.jpg,6
../data/train\InsideCity\image_0167.jpg,6
../data/train\InsideCity\image_0169.jpg,6
../data/train\InsideCity\image_0172.jpg,6
../data/train\InsideCity\image_0174.jpg,6
../data/train\InsideCity\image_0177.jpg,6
../data/train\InsideCity\image_0180.jpg,6
../data/train\InsideCity\image_0181.jpg,6
../data/train\InsideCity\image_0182.jpg,6
../data/train\InsideCity\image_0183.jpg,6
../data/train\InsideCity\image_0185.jpg,6
../data/train\InsideCity\image_0199.jpg,6
../data/train\InsideCity\image_0203.jpg,6
../data/train\InsideCity\image_0211.jpg,6
../data/train\InsideCity\image_0212.jpg,6
../data/train\InsideCity\image_0216.jpg,6
../data/train\InsideCity\image_0221.jpg,6
../data/train\InsideCity\image_0226.jpg,6
../data/train\InsideCity\image_0227.jpg,6
../data/train\InsideCity\image_0230.jpg,6
../data/train\InsideCity\image_0232.jpg,6
../data/train\InsideCity\image_0234.jpg,6
../data/train\InsideCity\image_0236.jpg,6
../data/train\InsideCity\image_0242.jpg,6
../data/train\InsideCity\image_0244.jpg,6
../data/train\InsideCity\image_0245.jpg,6
../data/train\InsideCity\image_0247.jpg,6
../data/train\InsideCity\image_0253.jpg,6
../data/train\InsideCity\image_0254.jpg,6
../data/train\InsideCity\image_0255.jpg,6
../data/train\InsideCity\image_0257.jpg,6
../data/train\InsideCity\image_0258.jpg,6
../data/train\InsideCity\image_0259.jpg,6
../data/train\InsideCity\image_0260.jpg,6
../data/train\InsideCity\image_0261.jpg,6
../data/train\InsideCity\image_0262.jpg,6
../data/train\InsideCity\image_0264.jpg,6
../data/train\InsideCity\image_0265.jpg,6
../data/train\InsideCity\image_0274.jpg,6
../data/train\InsideCity\image_0278.jpg,6
../data/train\InsideCity\image_0279.jpg,6
../data/train\InsideCity\image_0281.jpg,6
../data/train\InsideCity\image_0290.jpg,6
../data/train\InsideCity\image_0293.jpg,6
../data/train\InsideCity\image_0294.jpg,6
../data/train\InsideCity\image_0295.jpg,6
../data/train\InsideCity\image_0302.jpg,6
../data/train\InsideCity\image_0305.jpg,6
../data/train\InsideCity\image_0308.jpg,6
../data/train\Kitchen\image_0001.jpg,7
../data/train\Kitchen\image_0004.jpg,7
../data/train\Kitchen\image_0005.jpg,7
../data/train\Kitchen\image_0007.jpg,7
../data/train\Kitchen\image_0011.jpg,7
../data/train\Kitchen\image_0013.jpg,7
../data/train\Kitchen\image_0014.jpg,7
../data/train\Kitchen\image_0015.jpg,7
../data/train\Kitchen\image_0019.jpg,7
../data/train\Kitchen\image_0020.jpg,7
../data/train\Kitchen\image_0025.jpg,7
../data/train\Kitchen\image_0026.jpg,7
../data/train\Kitchen\image_0030.jpg,7
../data/train\Kitchen\image_0032.jpg,7
../data/train\Kitchen\image_0034.jpg,7
../data/train\Kitchen\image_0038.jpg,7
../data/train\Kitchen\image_0039.jpg,7
../data/train\Kitchen\image_0041.jpg,7
../data/train\Kitchen\image_0045.jpg,7
../data/train\Kitchen\image_0046.jpg,7
../data/train\Kitchen\image_0047.jpg,7
../data/train\Kitchen\image_0054.jpg,7
../data/train\Kitchen\image_0055.jpg,7
../data/train\Kitchen\image_0058.jpg,7
../data/train\Kitchen\image_0059.jpg,7
../data/train\Kitchen\image_0061.jpg,7
../data/train\Kitchen\image_0063.jpg,7
../data/train\Kitchen\image_0065.jpg,7
../data/train\Kitchen\image_0066.jpg,7
../data/train\Kitchen\image_0067.jpg,7
../data/train\Kitchen\image_0069.jpg,7
../data/train\Kitchen\image_0074.jpg,7
../data/train\Kitchen\image_0076.jpg,7
../data/train\Kitchen\image_0077.jpg,7
../data/train\Kitchen\image_0078.jpg,7
../data/train\Kitchen\image_0079.jpg,7
../data/train\Kitchen\image_0081.jpg,7
../data/train\Kitchen\image_0082.jpg,7
../data/train\Kitchen\image_0083.jpg,7
../data/train\Kitchen\image_0084.jpg,7
../data/train\Kitchen\image_0086.jpg,7
../data/train\Kitchen\image_0087.jpg,7
../data/train\Kitchen\image_0092.jpg,7
../data/train\Kitchen\image_0096.jpg,7
../data/train\Kitchen\image_0099.jpg,7
../data/train\Kitchen\image_0100.jpg,7
../data/train\Kitchen\image_0101.jpg,7
../data/train\Kitchen\image_0102.jpg,7
../data/train\Kitchen\image_0103.jpg,7
../data/train\Kitchen\image_0105.jpg,7
../data/train\Kitchen\image_0106.jpg,7
../data/train\Kitchen\image_0108.jpg,7
../data/train\Kitchen\image_0109.jpg,7
../data/train\Kitchen\image_0112.jpg,7
../data/train\Kitchen\image_0114.jpg,7
../data/train\Kitchen\image_0117.jpg,7
../data/train\Kitchen\image_0126.jpg,7
../data/train\Kitchen\image_0130.jpg,7
../data/train\Kitchen\image_0131.jpg,7
../data/train\Kitchen\image_0132.jpg,7
../data/train\Kitchen\image_0133.jpg,7
../data/train\Kitchen\image_0136.jpg,7
../data/train\Kitchen\image_0139.jpg,7
../data/train\Kitchen\image_0140.jpg,7
../data/train\Kitchen\image_0143.jpg,7
../data/train\Kitchen\image_0144.jpg,7
../data/train\Kitchen\image_0145.jpg,7
../data/train\Kitchen\image_0146.jpg,7
../data/train\Kitchen\image_0148.jpg,7
../data/train\Kitchen\image_0151.jpg,7
../data/train\Kitchen\image_0152.jpg,7
../data/train\Kitchen\image_0153.jpg,7
../data/train\Kitchen\image_0155.jpg,7
../data/train\Kitchen\image_0157.jpg,7
../data/train\Kitchen\image_0158.jpg,7
../data/train\Kitchen\image_0161.jpg,7
../data/train\Kitchen\image_0162.jpg,7
../data/train\Kitchen\image_0163.jpg,7
../data/train\Kitchen\image_0164.jpg,7
../data/train\Kitchen\image_0165.jpg,7
../data/train\Kitchen\image_0169.jpg,7
../data/train\Kitchen\image_0172.jpg,7
../data/train\Kitchen\image_0174.jpg,7
../data/train\Kitchen\image_0176.jpg,7
../data/train\Kitchen\image_0179.jpg,7
../data/train\Kitchen\image_0181.jpg,7
../data/train\Kitchen\image_0185.jpg,7
../data/train\Kitchen\image_0186.jpg,7
../data/train\Kitchen\image_0187.jpg,7
../data/train\Kitchen\image_0188.jpg,7
../data/train\Kitchen\image_0189.jpg,7
../data/train\Kitchen\image_0191.jpg,7
../data/train\Kitchen\image_0193.jpg,7
../data/train\Kitchen\image_0196.jpg,7
../data/train\Kitchen\image_0199.jpg,7
../data/train\Kitchen\image_0202.jpg,7
../data/train\Kitchen\image_0205.jpg,7
../data/train\Kitchen\image_0206.jpg,7
../data/train\Kitchen\image_0208.jpg,7
../data/train\Kitchen\image_0210.jpg,7
../data/train\LivingRoom\image_0001.jpg,8
../data/train\LivingRoom\image_0006.jpg,8
../data/train\LivingRoom\image_0009.jpg,8
../data/train\LivingRoom\image_0012.jpg,8
../data/train\LivingRoom\image_0016.jpg,8
../data/train\LivingRoom\image_0017.jpg,8
../data/train\LivingRoom\image_0018.jpg,8
../data/train\LivingRoom\image_0019.jpg,8
../data/train\LivingRoom\image_0026.jpg,8
../data/train\LivingRoom\image_0028.jpg,8
../data/train\LivingRoom\image_0029.jpg,8
../data/train\LivingRoom\image_0030.jpg,8
../data/train\LivingRoom\image_0031.jpg,8
../data/train\LivingRoom\image_0034.jpg,8
../data/train\LivingRoom\image_0035.jpg,8
../data/train\LivingRoom\image_0036.jpg,8
../data/train\LivingRoom\image_0038.jpg,8
../data/train\LivingRoom\image_0044.jpg,8
../data/train\LivingRoom\image_0048.jpg,8
../data/train\LivingRoom\image_0051.jpg,8
../data/train\LivingRoom\image_0052.jpg,8
../data/train\LivingRoom\image_0053.jpg,8
../data/train\LivingRoom\image_0054.jpg,8
../data/train\LivingRoom\image_0059.jpg,8
../data/train\LivingRoom\image_0060.jpg,8
../data/train\LivingRoom\image_0067.jpg,8
../data/train\LivingRoom\image_0069.jpg,8
../data/train\LivingRoom\image_0075.jpg,8
../data/train\LivingRoom\image_0076.jpg,8
../data/train\LivingRoom\image_0080.jpg,8
../data/train\LivingRoom\image_0085.jpg,8
../data/train\LivingRoom\image_0089.jpg,8
../data/train\LivingRoom\image_0091.jpg,8
../data/train\LivingRoom\image_0099.jpg,8
../data/train\LivingRoom\image_0103.jpg,8
../data/train\LivingRoom\image_0108.jpg,8
../data/train\LivingRoom\image_0115.jpg,8
../data/train\LivingRoom\image_0118.jpg,8
../data/train\LivingRoom\image_0121.jpg,8
../data/train\LivingRoom\image_0125.jpg,8
../data/train\LivingRoom\image_0127.jpg,8
../data/train\LivingRoom\image_0128.jpg,8
../data/train\LivingRoom\image_0130.jpg,8
../data/train\LivingRoom\image_0133.jpg,8
../data/train\LivingRoom\image_0137.jpg,8
../data/train\LivingRoom\image_0139.jpg,8
../data/train\LivingRoom\image_0144.jpg,8
../data/train\LivingRoom\image_0149.jpg,8
../data/train\LivingRoom\image_0151.jpg,8
../data/train\LivingRoom\image_0154.jpg,8
../data/train\LivingRoom\image_0155.jpg,8
../data/train\LivingRoom\image_0157.jpg,8
../data/train\LivingRoom\image_0158.jpg,8
../data/train\LivingRoom\image_0162.jpg,8
../data/train\LivingRoom\image_0164.jpg,8
../data/train\LivingRoom\image_0165.jpg,8
../data/train\LivingRoom\image_0168.jpg,8
../data/train\LivingRoom\image_0170.jpg,8
../data/train\LivingRoom\image_0172.jpg,8
../data/train\LivingRoom\image_0178.jpg,8
../data/train\LivingRoom\image_0184.jpg,8
../data/train\LivingRoom\image_0185.jpg,8
../data/train\LivingRoom\image_0188.jpg,8
../data/train\LivingRoom\image_0190.jpg,8
../data/train\LivingRoom\image_0192.jpg,8
../data/train\LivingRoom\image_0193.jpg,8
../data/train\LivingRoom\image_0199.jpg,8
../data/train\LivingRoom\image_0200.jpg,8
../data/train\LivingRoom\image_0201.jpg,8
../data/train\LivingRoom\image_0204.jpg,8
../data/train\LivingRoom\image_0208.jpg,8
../data/train\LivingRoom\image_0209.jpg,8
../data/train\LivingRoom\image_0211.jpg,8
../data/train\LivingRoom\image_0212.jpg,8
../data/train\LivingRoom\image_0217.jpg,8
../data/train\LivingRoom\image_0220.jpg,8
../data/train\LivingRoom\image_0223.jpg,8
../data/train\LivingRoom\image_0226.jpg,8
../data/train\LivingRoom\image_0229.jpg,8
../data/train\LivingRoom\image_0231.jpg,8
../data/train\LivingRoom\image_0232.jpg,8
../data/train\LivingRoom\image_0233.jpg,8
../data/train\LivingRoom\image_0236.jpg,8
../data/train\LivingRoom\image_0243.jpg,8
../data/train\LivingRoom\image_0244.jpg,8
../data/train\LivingRoom\image_0248.jpg,8
../data/train\LivingRoom\image_0253.jpg,8
../data/train\LivingRoom\image_0255.jpg,8
../data/train\LivingRoom\image_0258.jpg,8
../data/train\LivingRoom\image_0261.jpg,8
../data/train\LivingRoom\image_0264.jpg,8
../data/train\LivingRoom\image_0265.jpg,8
../data/train\LivingRoom\image_0267.jpg,8
../data/train\LivingRoom\image_0269.jpg,8
../data/train\LivingRoom\image_0271.jpg,8
../data/train\LivingRoom\image_0275.jpg,8
../data/train\LivingRoom\image_0280.jpg,8
../data/train\LivingRoom\image_0281.jpg,8
../data/train\LivingRoom\image_0286.jpg,8
../data/train\LivingRoom\image_0289.jpg,8
../data/train\Mountain\image_0002.jpg,9
../data/train\Mountain\image_0024.jpg,9
../data/train\Mountain\image_0026.jpg,9
../data/train\Mountain\image_0028.jpg,9
../data/train\Mountain\image_0033.jpg,9
../data/train\Mountain\image_0035.jpg,9
../data/train\Mountain\image_0044.jpg,9
../data/train\Mountain\image_0050.jpg,9
../data/train\Mountain\image_0054.jpg,9
../data/train\Mountain\image_0056.jpg,9
../data/train\Mountain\image_0057.jpg,9
../data/train\Mountain\image_0058.jpg,9
../data/train\Mountain\image_0067.jpg,9
../data/train\Mountain\image_0070.jpg,9
../data/train\Mountain\image_0071.jpg,9
../data/train\Mountain\image_0074.jpg,9
../data/train\Mountain\image_0078.jpg,9
../data/train\Mountain\image_0084.jpg,9
../data/train\Mountain\image_0092.jpg,9
../data/train\Mountain\image_0099.jpg,9
../data/train\Mountain\image_0102.jpg,9
../data/train\Mountain\image_0111.jpg,9
../data/train\Mountain\image_0116.jpg,9
../data/train\Mountain\image_0124.jpg,9
../data/train\Mountain\image_0125.jpg,9
../data/train\Mountain\image_0131.jpg,9
../data/train\Mountain\image_0135.jpg,9
../data/train\Mountain\image_0136.jpg,9
../data/train\Mountain\image_0137.jpg,9
../data/train\Mountain\image_0138.jpg,9
../data/train\Mountain\image_0139.jpg,9
../data/train\Mountain\image_0141.jpg,9
../data/train\Mountain\image_0144.jpg,9
../data/train\Mountain\image_0151.jpg,9
../data/train\Mountain\image_0160.jpg,9
../data/train\Mountain\image_0164.jpg,9
../data/train\Mountain\image_0167.jpg,9
../data/train\Mountain\image_0169.jpg,9
../data/train\Mountain\image_0173.jpg,9
../data/train\Mountain\image_0178.jpg,9
../data/train\Mountain\image_0179.jpg,9
../data/train\Mountain\image_0180.jpg,9
../data/train\Mountain\image_0181.jpg,9
../data/train\Mountain\image_0184.jpg,9
../data/train\Mountain\image_0185.jpg,9
../data/train\Mountain\image_0195.jpg,9
../data/train\Mountain\image_0198.jpg,9
../data/train\Mountain\image_0199.jpg,9
../data/train\Mountain\image_0203.jpg,9
../data/train\Mountain\image_0207.jpg,9
../data/train\Mountain\image_0208.jpg,9
../data/train\Mountain\image_0217.jpg,9
../data/train\Mountain\image_0218.jpg,9
../data/train\Mountain\image_0220.jpg,9
../data/train\Mountain\image_0226.jpg,9
../data/train\Mountain\image_0228.jpg,9
../data/train\Mountain\image_0232.jpg,9
../data/train\Mountain\image_0234.jpg,9
../data/train\Mountain\image_0238.jpg,9
../data/train\Mountain\image_0241.jpg,9
../data/train\Mountain\image_0242.jpg,9
../data/train\Mountain\image_0249.jpg,9
../data/train\Mountain\image_0250.jpg,9
../data/train\Mountain\image_0263.jpg,9
../data/train\Mountain\image_0267.jpg,9
../data/train\Mountain\image_0271.jpg,9
../data/train\Mountain\image_0274.jpg,9
../data/train\Mountain\image_0276.jpg,9
../data/train\Mountain\image_0280.jpg,9
../data/train\Mountain\image_0281.jpg,9
../data/train\Mountain\image_0282.jpg,9
../data/train\Mountain\image_0285.jpg,9
../data/train\Mountain\image_0291.jpg,9
../data/train\Mountain\image_0292.jpg,9
../data/train\Mountain\image_0302.jpg,9
../data/train\Mountain\image_0303.jpg,9
../data/train\Mountain\image_0306.jpg,9
../data/train\Mountain\image_0310.jpg,9
../data/train\Mountain\image_0313.jpg,9
../data/train\Mountain\image_0317.jpg,9
../data/train\Mountain\image_0318.jpg,9
../data/train\Mountain\image_0321.jpg,9
../data/train\Mountain\image_0323.jpg,9
../data/train\Mountain\image_0324.jpg,9
../data/train\Mountain\image_0325.jpg,9
../data/train\Mountain\image_0328.jpg,9
../data/train\Mountain\image_0329.jpg,9
../data/train\Mountain\image_0330.jpg,9
../data/train\Mountain\image_0334.jpg,9
../data/train\Mountain\image_0340.jpg,9
../data/train\Mountain\image_0342.jpg,9
../data/train\Mountain\image_0343.jpg,9
../data/train\Mountain\image_0345.jpg,9
../data/train\Mountain\image_0346.jpg,9
../data/train\Mountain\image_0347.jpg,9
../data/train\Mountain\image_0349.jpg,9
../data/train\Mountain\image_0352.jpg,9
../data/train\Mountain\image_0355.jpg,9
../data/train\Mountain\image_0357.jpg,9
../data/train\Mountain\image_0361.jpg,9
../data/train\Office\image_0002.jpg,10
../data/train\Office\image_0008.jpg,10
../data/train\Office\image_0013.jpg,10
../data/train\Office\image_0014.jpg,10
../data/train\Office\image_0016.jpg,10
../data/train\Office\image_0017.jpg,10
../data/train\Office\image_0018.jpg,10
../data/train\Office\image_0021.jpg,10
../data/train\Office\image_0025.jpg,10
../data/train\Office\image_0028.jpg,10
../data/train\Office\image_0030.jpg,10
../data/train\Office\image_0031.jpg,10
../data/train\Office\image_0033.jpg,10
../data/train\Office\image_0035.jpg,10
../data/train\Office\image_0036.jpg,10
../data/train\Office\image_0039.jpg,10
../data/train\Office\image_0041.jpg,10
../data/train\Office\image_0042.jpg,10
../data/train\Office\image_0045.jpg,10
../data/train\Office\image_0046.jpg,10
../data/train\Office\image_0049.jpg,10
../data/train\Office\image_0051.jpg,10
../data/train\Office\image_0052.jpg,10
../data/train\Office\image_0053.jpg,10
../data/train\Office\image_0054.jpg,10
../data/train\Office\image_0056.jpg,10
../data/train\Office\image_0061.jpg,10
../data/train\Office\image_0066.jpg,10
../data/train\Office\image_0068.jpg,10
../data/train\Office\image_0069.jpg,10
../data/train\Office\image_0070.jpg,10
../data/train\Office\image_0073.jpg,10
../data/train\Office\image_0076.jpg,10
../data/train\Office\image_0078.jpg,10
../data/train\Office\image_0082.jpg,10
../data/train\Office\image_0085.jpg,10
../data/train\Office\image_0086.jpg,10
../data/train\Office\image_0087.jpg,10
../data/train\Office\image_0090.jpg,10
../data/train\Office\image_0093.jpg,10
../data/train\Office\image_0094.jpg,10
../data/train\Office\image_0095.jpg,10
../data/train\Office\image_0097.jpg,10
../data/train\Office\image_0098.jpg,10
../data/train\Office\image_0099.jpg,10
../data/train\Office\image_0101.jpg,10
../data/train\Office\image_0104.jpg,10
../data/train\Office\image_0105.jpg,10
../data/train\Office\image_0109.jpg,10
../data/train\Office\image_0111.jpg,10
../data/train\Office\image_0113.jpg,10
../data/train\Office\image_0115.jpg,10
../data/train\Office\image_0122.jpg,10
../data/train\Office\image_0125.jpg,10
../data/train\Office\image_0128.jpg,10
../data/train\Office\image_0129.jpg,10
../data/train\Office\image_0132.jpg,10
../data/train\Office\image_0133.jpg,10
../data/train\Office\image_0136.jpg,10
../data/train\Office\image_0137.jpg,10
../data/train\Office\image_0139.jpg,10
../data/train\Office\image_0141.jpg,10
../data/train\Office\image_0145.jpg,10
../data/train\Office\image_0149.jpg,10
../data/train\Office\image_0151.jpg,10
../data/train\Office\image_0152.jpg,10
../data/train\Office\image_0153.jpg,10
../data/train\Office\image_0154.jpg,10
../data/train\Office\image_0156.jpg,10
../data/train\Office\image_0160.jpg,10
../data/train\Office\image_0161.jpg,10
../data/train\Office\image_0162.jpg,10
../data/train\Office\image_0163.jpg,10
../data/train\Office\image_0165.jpg,10
../data/train\Office\image_0166.jpg,10
../data/train\Office\image_0167.jpg,10
../data/train\Office\image_0170.jpg,10
../data/train\Office\image_0171.jpg,10
../data/train\Office\image_0172.jpg,10
../data/train\Office\image_0173.jpg,10
../data/train\Office\image_0175.jpg,10
../data/train\Office\image_0177.jpg,10
../data/train\Office\image_0178.jpg,10
../data/train\Office\image_0182.jpg,10
../data/train\Office\image_0184.jpg,10
../data/train\Office\image_0187.jpg,10
../data/train\Office\image_0189.jpg,10
../data/train\Office\image_0190.jpg,10
../data/train\Office\image_0194.jpg,10
../data/train\Office\image_0195.jpg,10
../data/train\Office\image_0197.jpg,10
../data/train\Office\image_0198.jpg,10
../data/train\Office\image_0201.jpg,10
../data/train\Office\image_0202.jpg,10
../data/train\Office\image_0206.jpg,10
../data/train\Office\image_0209.jpg,10
../data/train\Office\image_0210.jpg,10
../data/train\Office\image_0211.jpg,10
../data/train\Office\image_0212.jpg,10
../data/train\Office\image_0215.jpg,10
../data/train\OpenCountry\image_0003.jpg,11
../data/train\OpenCountry\image_0020.jpg,11
../data/train\OpenCountry\image_0036.jpg,11
../data/train\OpenCountry\image_0043.jpg,11
../data/train\OpenCountry\image_0048.jpg,11
../data/train\OpenCountry\image_0053.jpg,11
../data/train\OpenCountry\image_0056.jpg,11
../data/train\OpenCountry\image_0062.jpg,11
../data/train\OpenCountry\image_0067.jpg,11
../data/train\OpenCountry\image_0070.jpg,11
../data/train\OpenCountry\image_0072.jpg,11
../data/train\OpenCountry\image_0074.jpg,11
../data/train\OpenCountry\image_0075.jpg,11
../data/train\OpenCountry\image_0078.jpg,11
../data/train\OpenCountry\image_0081.jpg,11
../data/train\OpenCountry\image_0087.jpg,11
../data/train\OpenCountry\image_0088.jpg,11
../data/train\OpenCountry\image_0089.jpg,11
../data/train\OpenCountry\image_0092.jpg,11
../data/train\OpenCountry\image_0094.jpg,11
../data/train\OpenCountry\image_0095.jpg,11
../data/train\OpenCountry\image_0096.jpg,11
../data/train\OpenCountry\image_0099.jpg,11
../data/train\OpenCountry\image_0116.jpg,11
../data/train\OpenCountry\image_0124.jpg,11
../data/train\OpenCountry\image_0127.jpg,11
../data/train\OpenCountry\image_0128.jpg,11
../data/train\OpenCountry\image_0129.jpg,11
../data/train\OpenCountry\image_0130.jpg,11
../data/train\OpenCountry\image_0141.jpg,11
../data/train\OpenCountry\image_0143.jpg,11
../data/train\OpenCountry\image_0146.jpg,11
../data/train\OpenCountry\image_0152.jpg,11
../data/train\OpenCountry\image_0156.jpg,11
../data/train\OpenCountry\image_0158.jpg,11
../data/train\OpenCountry\image_0162.jpg,11
../data/train\OpenCountry\image_0163.jpg,11
../data/train\OpenCountry\image_0168.jpg,11
../data/train\OpenCountry\image_0178.jpg,11
../data/train\OpenCountry\image_0179.jpg,11
../data/train\OpenCountry\image_0180.jpg,11
../data/train\OpenCountry\image_0185.jpg,11
../data/train\OpenCountry\image_0186.jpg,11
../data/train\OpenCountry\image_0187.jpg,11
../data/train\OpenCountry\image_0190.jpg,11
../data/train\OpenCountry\image_0196.jpg,11
../data/train\OpenCountry\image_0200.jpg,11
../data/train\OpenCountry\image_0205.jpg,11
../data/train\OpenCountry\image_0207.jpg,11
../data/train\OpenCountry\image_0209.jpg,11
../data/train\OpenCountry\image_0213.jpg,11
../data/train\OpenCountry\image_0214.jpg,11
../data/train\OpenCountry\image_0217.jpg,11
../data/train\OpenCountry\image_0223.jpg,11
../data/train\OpenCountry\image_0226.jpg,11
../data/train\OpenCountry\image_0229.jpg,11
../data/train\OpenCountry\image_0232.jpg,11
../data/train\OpenCountry\image_0235.jpg,11
../data/train\OpenCountry\image_0236.jpg,11
../data/train\OpenCountry\image_0241.jpg,11
../data/train\OpenCountry\image_0247.jpg,11
../data/train\OpenCountry\image_0248.jpg,11
../data/train\OpenCountry\image_0254.jpg,11
../data/train\OpenCountry\image_0257.jpg,11
../data/train\OpenCountry\image_0271.jpg,11
../data/train\OpenCountry\image_0272.jpg,11
../data/train\OpenCountry\image_0273.jpg,11
../data/train\OpenCountry\image_0276.jpg,11
../data/train\OpenCountry\image_0282.jpg,11
../data/train\OpenCountry\image_0283.jpg,11
../data/train\OpenCountry\image_0286.jpg,11
../data/train\OpenCountry\image_0288.jpg,11
../data/train\OpenCountry\image_0291.jpg,11
../data/train\OpenCountry\image_0299.jpg,11
../data/train\OpenCountry\image_0300.jpg,11
../data/train\OpenCountry\image_0307.jpg,11
../data/train\OpenCountry\image_0308.jpg,11
../data/train\OpenCountry\image_0314.jpg,11
../data/train\OpenCountry\image_0316.jpg,11
../data/train\OpenCountry\image_0320.jpg,11
../data/train\OpenCountry\image_0324.jpg,11
../data/train\OpenCountry\image_0328.jpg,11
../data/train\OpenCountry\image_0329.jpg,11
../data/train\OpenCountry\image_0331.jpg,11
../data/train\OpenCountry\image_0332.jpg,11
../data/train\OpenCountry\image_0333.jpg,11
../data/train\OpenCountry\image_0342.jpg,11
../data/train\OpenCountry\image_0360.jpg,11
../data/train\OpenCountry\image_0362.jpg,11
../data/train\OpenCountry\image_0363.jpg,11
../data/train\OpenCountry\image_0364.jpg,11
../data/train\OpenCountry\image_0366.jpg,11
../data/train\OpenCountry\image_0367.jpg,11
../data/train\OpenCountry\image_0385.jpg,11
../data/train\OpenCountry\image_0389.jpg,11
../data/train\OpenCountry\image_0390.jpg,11
../data/train\OpenCountry\image_0394.jpg,11
../data/train\OpenCountry\image_0397.jpg,11
../data/train\OpenCountry\image_0398.jpg,11
../data/train\OpenCountry\image_0402.jpg,11
../data/train\Store\image_0001.jpg,12
../data/train\Store\image_0005.jpg,12
../data/train\Store\image_0006.jpg,12
../data/train\Store\image_0007.jpg,12
../data/train\Store\image_0011.jpg,12
../data/train\Store\image_0018.jpg,12
../data/train\Store\image_0019.jpg,12
../data/train\Store\image_0029.jpg,12
../data/train\Store\image_0035.jpg,12
../data/train\Store\image_0037.jpg,12
../data/train\Store\image_0049.jpg,12
../data/train\Store\image_0050.jpg,12
../data/train\Store\image_0051.jpg,12
../data/train\Store\image_0054.jpg,12
../data/train\Store\image_0055.jpg,12
../data/train\Store\image_0058.jpg,12
../data/train\Store\image_0059.jpg,12
../data/train\Store\image_0061.jpg,12
../data/train\Store\image_0062.jpg,12
../data/train\Store\image_0064.jpg,12
../data/train\Store\image_0066.jpg,12
../data/train\Store\image_0069.jpg,12
../data/train\Store\image_0072.jpg,12
../data/train\Store\image_0092.jpg,12
../data/train\Store\image_0093.jpg,12
../data/train\Store\image_0094.jpg,12
../data/train\Store\image_0095.jpg,12
../data/train\Store\image_0097.jpg,12
../data/train\Store\image_0098.jpg,12
../data/train\Store\image_0100.jpg,12
../data/train\Store\image_0101.jpg,12
../data/train\Store\image_0103.jpg,12
../data/train\Store\image_0105.jpg,12
../data/train\Store\image_0108.jpg,12
../data/train\Store\image_0110.jpg,12
../data/train\Store\image_0119.jpg,12
../data/train\Store\image_0120.jpg,12
../data/train\Store\image_0123.jpg,12
../data/train\Store\image_0126.jpg,12
../data/train\Store\image_0128.jpg,12
../data/train\Store\image_0129.jpg,12
../data/train\Store\image_0130.jpg,12
../data/train\Store\image_0131.jpg,12
../data/train\Store\image_0132.jpg,12
../data/train\Store\image_0133.jpg,12
../data/train\Store\image_0137.jpg,12
../data/train\Store\image_0139.jpg,12
../data/train\Store\image_0142.jpg,12
../data/train\Store\image_0144.jpg,12
../data/train\Store\image_0145.jpg,12
../data/train\Store\image_0148.jpg,12
../data/train\Store\image_0154.jpg,12
../data/train\Store\image_0163.jpg,12
../data/train\Store\image_0170.jpg,12
../data/train\Store\image_0172.jpg,12
../data/train\Store\image_0173.jpg,12
../data/train\Store\image_0175.jpg,12
../data/train\Store\image_0177.jpg,12
../data/train\Store\image_0186.jpg,12
../data/train\Store\image_0188.jpg,12
../data/train\Store\image_0189.jpg,12
../data/train\Store\image_0191.jpg,12
../data/train\Store\image_0198.jpg,12
../data/train\Store\image_0199.jpg,12
../data/train\Store\image_0200.jpg,12
../data/train\Store\image_0202.jpg,12
../data/train\Store\image_0203.jpg,12
../data/train\Store\image_0204.jpg,12
../data/train\Store\image_0205.jpg,12
../data/train\Store\image_0208.jpg,12
../data/train\Store\image_0217.jpg,12
../data/train\Store\image_0219.jpg,12
../data/train\Store\image_0221.jpg,12
../data/train\Store\image_0223.jpg,12
../data/train\Store\image_0224.jpg,12
../data/train\Store\image_0230.jpg,12
../data/train\Store\image_0232.jpg,12
../data/train\Store\image_0234.jpg,12
../data/train\Store\image_0243.jpg,12
../data/train\Store\image_0244.jpg,12
../data/train\Store\image_0245.jpg,12
../data/train\Store\image_0246.jpg,12
../data/train\Store\image_0250.jpg,12
../data/train\Store\image_0253.jpg,12
../data/train\Store\image_0255.jpg,12
../data/train\Store\image_0261.jpg,12
../data/train\Store\image_0264.jpg,12
../data/train\Store\image_0266.jpg,12
../data/train\Store\image_0268.jpg,12
../data/train\Store\image_0276.jpg,12
../data/train\Store\image_0277.jpg,12
../data/train\Store\image_0278.jpg,12
../data/train\Store\image_0279.jpg,12
../data/train\Store\image_0282.jpg,12
../data/train\Store\image_0294.jpg,12
../data/train\Store\image_0295.jpg,12
../data/train\Store\image_0298.jpg,12
../data/train\Store\image_0310.jpg,12
../data/train\Store\image_0314.jpg,12
../data/train\Store\image_0315.jpg,12
../data/train\Street\image_0001.jpg,13
../data/train\Street\image_0002.jpg,13
../data/train\Street\image_0003.jpg,13
../data/train\Street\image_0004.jpg,13
../data/train\Street\image_0005.jpg,13
../data/train\Street\image_0009.jpg,13
../data/train\Street\image_0011.jpg,13
../data/train\Street\image_0015.jpg,13
../data/train\Street\image_0019.jpg,13
../data/train\Street\image_0023.jpg,13
../data/train\Street\image_0028.jpg,13
../data/train\Street\image_0029.jpg,13
../data/train\Street\image_0031.jpg,13
../data/train\Street\image_0033.jpg,13
../data/train\Street\image_0035.jpg,13
../data/train\Street\image_0037.jpg,13
../data/train\Street\image_0039.jpg,13
../data/train\Street\image_0040.jpg,13
../data/train\Street\image_0043.jpg,13
../data/train\Street\image_0058.jpg,13
../data/train\Street\image_0059.jpg,13
../data/train\Street\image_0060.jpg,13
../data/train\Street\image_0063.jpg,13
../data/train\Street\image_0065.jpg,13
../data/train\Street\image_0067.jpg,13
../data/train\Street\image_0071.jpg,13
../data/train\Street\image_0072.jpg,13
../data/train\Street\image_0075.jpg,13
../data/train\Street\image_0081.jpg,13
../data/train\Street\image_0092.jpg,13
../data/train\Street\image_0093.jpg,13
../data/train\Street\image_0095.jpg,13
../data/train\Street\image_0096.jpg,13
../data/train\Street\image_0097.jpg,13
../data/train\Street\image_0098.jpg,13
../data/train\Street\image_0099.jpg,13
../data/train\Street\image_0103.jpg,13
../data/train\Street\image_0104.jpg,13
../data/train\Street\image_0107.jpg,13
../data/train\Street\image_0110.jpg,13
../data/train\Street\image_0114.jpg,13
../data/train\Street\image_0115.jpg,13
../data/train\Street\image_0116.jpg,13
../data/train\Street\image_0117.jpg,13
../data/train\Street\image_0120.jpg,13
../data/train\Street\image_0123.jpg,13
../data/train\Street\image_0130.jpg,13
../data/train\Street\image_0139.jpg,13
../data/train\Street\image_0148.jpg,13
../data/train\Street\image_0152.jpg,13
../data/train\Street\image_0153.jpg,13
../data/train\Street\image_0155.jpg,13
../data/train\Street\image_0158.jpg,13
../data/train\Street\image_0159.jpg,13
../data/train\Street\image_0160.jpg,13
../data/train\Street\image_0164.jpg,13
../data/train\Street\image_0166.jpg,13
../data/train\Street\image_0167.jpg,13
../data/train\Street\image_0173.jpg,13
../data/train\Street\image_0183.jpg,13
../data/train\Street\image_0188.jpg,13
../data/train\Street\image_0195.jpg,13
../data/train\Street\image_0197.jpg,13
../data/train\Street\image_0200.jpg,13
../data/train\Street\image_0202.jpg,13
../data/train\Street\image_0204.jpg,13
../data/train\Street\image_0205.jpg,13
../data/train\Street\image_0206.jpg,13
../data/train\Street\image_0207.jpg,13
../data/train\Street\image_0208.jpg,13
../data/train\Street\image_0209.jpg,13
../data/train\Street\image_0212.jpg,13
../data/train\Street\image_0214.jpg,13
../data/train\Street\image_0216.jpg,13
../data/train\Street\image_0217.jpg,13
../data/train\Street\image_0218.jpg,13
../data/train\Street\image_0219.jpg,13
../data/train\Street\image_0223.jpg,13
../data/train\Street\image_0225.jpg,13
../data/train\Street\image_0228.jpg,13
../data/train\Street\image_0229.jpg,13
../data/train\Street\image_0236.jpg,13
../data/train\Street\image_0237.jpg,13
../data/train\Street\image_0239.jpg,13
../data/train\Street\image_0242.jpg,13
../data/train\Street\image_0252.jpg,13
../data/train\Street\image_0253.jpg,13
../data/train\Street\image_0255.jpg,13
../data/train\Street\image_0257.jpg,13
../data/train\Street\image_0259.jpg,13
../data/train\Street\image_0261.jpg,13
../data/train\Street\image_0263.jpg,13
../data/train\Street\image_0265.jpg,13
../data/train\Street\image_0267.jpg,13
../data/train\Street\image_0270.jpg,13
../data/train\Street\image_0271.jpg,13
../data/train\Street\image_0275.jpg,13
../data/train\Street\image_0276.jpg,13
../data/train\Street\image_0280.jpg,13
../data/train\Street\image_0290.jpg,13
../data/train\Suburb\image_0002.jpg,14
../data/train\Suburb\image_0006.jpg,14
../data/train\Suburb\image_0007.jpg,14
../data/train\Suburb\image_0010.jpg,14
../data/train\Suburb\image_0016.jpg,14
../data/train\Suburb\image_0017.jpg,14
../data/train\Suburb\image_0019.jpg,14
../data/train\Suburb\image_0027.jpg,14
../data/train\Suburb\image_0029.jpg,14
../data/train\Suburb\image_0030.jpg,14
../data/train\Suburb\image_0035.jpg,14
../data/train\Suburb\image_0038.jpg,14
../data/train\Suburb\image_0039.jpg,14
../data/train\Suburb\image_0044.jpg,14
../data/train\Suburb\image_0047.jpg,14
../data/train\Suburb\image_0048.jpg,14
../data/train\Suburb\image_0049.jpg,14
../data/train\Suburb\image_0051.jpg,14
../data/train\Suburb\image_0052.jpg,14
../data/train\Suburb\image_0054.jpg,14
../data/train\Suburb\image_0055.jpg,14
../data/train\Suburb\image_0056.jpg,14
../data/train\Suburb\image_0058.jpg,14
../data/train\Suburb\image_0060.jpg,14
../data/train\Suburb\image_0063.jpg,14
../data/train\Suburb\image_0064.jpg,14
../data/train\Suburb\image_0066.jpg,14
../data/train\Suburb\image_0072.jpg,14
../data/train\Suburb\image_0073.jpg,14
../data/train\Suburb\image_0076.jpg,14
../data/train\Suburb\image_0078.jpg,14
../data/train\Suburb\image_0080.jpg,14
../data/train\Suburb\image_0085.jpg,14
../data/train\Suburb\image_0086.jpg,14
../data/train\Suburb\image_0087.jpg,14
../data/train\Suburb\image_0089.jpg,14
../data/train\Suburb\image_0090.jpg,14
../data/train\Suburb\image_0091.jpg,14
../data/train\Suburb\image_0092.jpg,14
../data/train\Suburb\image_0093.jpg,14
../data/train\Suburb\image_0095.jpg,14
../data/train\Suburb\image_0096.jpg,14
../data/train\Suburb\image_0097.jpg,14
../data/train\Suburb\image_0099.jpg,14
../data/train\Suburb\image_0100.jpg,14
../data/train\Suburb\image_0104.jpg,14
../data/train\Suburb\image_0105.jpg,14
../data/train\Suburb\image_0106.jpg,14
../data/train\Suburb\image_0109.jpg,14
../data/train\Suburb\image_0110.jpg,14
../data/train\Suburb\image_0112.jpg,14
../data/train\Suburb\image_0113.jpg,14
../data/train\Suburb\image_0114.jpg,14
../data/train\Suburb\image_0115.jpg,14
../data/train\Suburb\image_0121.jpg,14
../data/train\Suburb\image_0124.jpg,14
../data/train\Suburb\image_0126.jpg,14
../data/train\Suburb\image_0129.jpg,14
../data/train\Suburb\image_0130.jpg,14
../data/train\Suburb\image_0131.jpg,14
../data/train\Suburb\image_0133.jpg,14
../data/train\Suburb\image_0135.jpg,14
../data/train\Suburb\image_0136.jpg,14
../data/train\Suburb\image_0141.jpg,14
../data/train\Suburb\image_0142.jpg,14
../data/train\Suburb\image_0144.jpg,14
../data/train\Suburb\image_0145.jpg,14
../data/train\Suburb\image_0150.jpg,14
../data/train\Suburb\image_0151.jpg,14
../data/train\Suburb\image_0157.jpg,14
../data/train\Suburb\image_0158.jpg,14
../data/train\Suburb\image_0159.jpg,14
../data/train\Suburb\image_0163.jpg,14
../data/train\Suburb\image_0165.jpg,14
../data/train\Suburb\image_0169.jpg,14
../data/train\Suburb\image_0170.jpg,14
../data/train\Suburb\image_0184.jpg,14
../data/train\Suburb\image_0190.jpg,14
../data/train\Suburb\image_0191.jpg,14
../data/train\Suburb\image_0192.jpg,14
../data/train\Suburb\image_0197.jpg,14
../data/train\Suburb\image_0201.jpg,14
../data/train\Suburb\image_0204.jpg,14
../data/train\Suburb\image_0206.jpg,14
../data/train\Suburb\image_0207.jpg,14
../data/train\Suburb\image_0208.jpg,14
../data/train\Suburb\image_0209.jpg,14
../data/train\Suburb\image_0211.jpg,14
../data/train\Suburb\image_0216.jpg,14
../data/train\Suburb\image_0217.jpg,14
../data/train\Suburb\image_0218.jpg,14
../data/train\Suburb\image_0221.jpg,14
../data/train\Suburb\image_0224.jpg,14
../data/train\Suburb\image_0230.jpg,14
../data/train\Suburb\image_0231.jpg,14
../data/train\Suburb\image_0232.jpg,14
../data/train\Suburb\image_0235.jpg,14
../data/train\Suburb\image_0237.jpg,14
../data/train\Suburb\image_0238.jpg,14
../data/train\Suburb\image_0240.jpg,14
../data/train\TallBuilding\image_0010.jpg,15
../data/train\TallBuilding\image_0011.jpg,15
../data/train\TallBuilding\image_0012.jpg,15
../data/train\TallBuilding\image_0014.jpg,15
../data/train\TallBuilding\image_0020.jpg,15
../data/train\TallBuilding\image_0033.jpg,15
../data/train\TallBuilding\image_0034.jpg,15
../data/train\TallBuilding\image_0041.jpg,15
../data/train\TallBuilding\image_0049.jpg,15
../data/train\TallBuilding\image_0050.jpg,15
../data/train\TallBuilding\image_0052.jpg,15
../data/train\TallBuilding\image_0060.jpg,15
../data/train\TallBuilding\image_0063.jpg,15
../data/train\TallBuilding\image_0066.jpg,15
../data/train\TallBuilding\image_0068.jpg,15
../data/train\TallBuilding\image_0069.jpg,15
../data/train\TallBuilding\image_0071.jpg,15
../data/train\TallBuilding\image_0073.jpg,15
../data/train\TallBuilding\image_0074.jpg,15
../data/train\TallBuilding\image_0076.jpg,15
../data/train\TallBuilding\image_0086.jpg,15
../data/train\TallBuilding\image_0089.jpg,15
../data/train\TallBuilding\image_0090.jpg,15
../data/train\TallBuilding\image_0093.jpg,15
../data/train\TallBuilding\image_0108.jpg,15
../data/train\TallBuilding\image_0109.jpg,15
../data/train\TallBuilding\image_0110.jpg,15
../data/train\TallBuilding\image_0118.jpg,15
../data/train\TallBuilding\image_0120.jpg,15
../data/train\TallBuilding\image_0124.jpg,15
../data/train\TallBuilding\image_0130.jpg,15
../data/train\TallBuilding\image_0132.jpg,15
../data/train\TallBuilding\image_0144.jpg,15
../data/train\TallBuilding\image_0145.jpg,15
../data/train\TallBuilding\image_0147.jpg,15
../data/train\TallBuilding\image_0148.jpg,15
../data/train\TallBuilding\image_0152.jpg,15
../data/train\TallBuilding\image_0155.jpg,15
../data/train\TallBuilding\image_0159.jpg,15
../data/train\TallBuilding\image_0165.jpg,15
../data/train\TallBuilding\image_0166.jpg,15
../data/train\TallBuilding\image_0174.jpg,15
../data/train\TallBuilding\image_0175.jpg,15
../data/train\TallBuilding\image_0178.jpg,15
../data/train\TallBuilding\image_0184.jpg,15
../data/train\TallBuilding\image_0186.jpg,15
../data/train\TallBuilding\image_0188.jpg,15
../data/train\TallBuilding\image_0194.jpg,15
../data/train\TallBuilding\image_0196.jpg,15
../data/train\TallBuilding\image_0203.jpg,15
../data/train\TallBuilding\image_0206.jpg,15
../data/train\TallBuilding\image_0210.jpg,15
../data/train\TallBuilding\image_0211.jpg,15
../data/train\TallBuilding\image_0214.jpg,15
../data/train\TallBuilding\image_0215.jpg,15
../data/train\TallBuilding\image_0224.jpg,15
../data/train\TallBuilding\image_0227.jpg,15
../data/train\TallBuilding\image_0231.jpg,15
../data/train\TallBuilding\image_0233.jpg,15
../data/train\TallBuilding\image_0234.jpg,15
../data/train\TallBuilding\image_0240.jpg,15
../data/train\TallBuilding\image_0243.jpg,15
../data/train\TallBuilding\image_0244.jpg,15
../data/train\TallBuilding\image_0247.jpg,15
../data/train\TallBuilding\image_0251.jpg,15
../data/train\TallBuilding\image_0256.jpg,15
../data/train\TallBuilding\image_0257.jpg,15
../data/train\TallBuilding\image_0258.jpg,15
../data/train\TallBuilding\image_0261.jpg,15
../data/train\TallBuilding\image_0262.jpg,15
../data/train\TallBuilding\image_0270.jpg,15
../data/train\TallBuilding\image_0273.jpg,15
../data/train\TallBuilding\image_0274.jpg,15
../data/train\TallBuilding\image_0275.jpg,15
../data/train\TallBuilding\image_0279.jpg,15
../data/train\TallBuilding\image_0280.jpg,15
../data/train\TallBuilding\image_0284.jpg,15
../data/train\TallBuilding\image_0288.jpg,15
../data/train\TallBuilding\image_0293.jpg,15
../data/train\TallBuilding\image_0294.jpg,15
../data/train\TallBuilding\image_0295.jpg,15
../data/train\TallBuilding\image_0299.jpg,15
../data/train\TallBuilding\image_0304.jpg,15
../data/train\TallBuilding\image_0307.jpg,15
../data/train\TallBuilding\image_0314.jpg,15
../data/train\TallBuilding\image_0315.jpg,15
../data/train\TallBuilding\image_0317.jpg,15
../data/train\TallBuilding\image_0318.jpg,15
../data/train\TallBuilding\image_0320.jpg,15
../data/train\TallBuilding\image_0325.jpg,15
../data/train\TallBuilding\image_0326.jpg,15
../data/train\TallBuilding\image_0329.jpg,15
../data/train\TallBuilding\image_0330.jpg,15
../data/train\TallBuilding\image_0331.jpg,15
../data/train\TallBuilding\image_0336.jpg,15
../data/train\TallBuilding\image_0339.jpg,15
../data/train\TallBuilding\image_0343.jpg,15
../data/train\TallBuilding\image_0350.jpg,15
../data/train\TallBuilding\image_0352.jpg,15
../data/train\TallBuilding\image_0356.jpg,15
